Achievement Goal Theory,"goal theory"
Affordance Theory,"affordance theory"
Associative learning (Hebb),"Associative learning"
Associative learning (Hebb),"Associative" AND "Hebb"
Analytical Behaviorism,"Analytical Behaviorism"
Learning Styles,"Learning Styles"
Chunking - Working Memory,"Working memory"
Chunking - Working Memory,"Chunking" AND "memory"
Classical Conditioning (Pavlov),"Pavlovian conditioning"
Classical Conditioning (Pavlov),"Classical conditioning"
Classical Conditioning (Rescorla-Wagner),"Rescorla-Wagner" AND "Conditioning"
Cognitive Apprenticeship,"Cognitive Apprenticeship"
Cognitive Load Theory,"Cognitive load theory"
Cognitive Theory of Multimedia Learning,"Cognitive theory of multimedia learning"
Cognitivism,"Cognitivism"
Communities of Practice,"Communities of Practice"
Communities of Practice,"Communities" NEAR "Practice"
Conditions of Learning,"Conditions of Learning"
Connectionism,"Connectionism"
Connectivism,"connectivism"
Connectivism,"connnectivist"
Constructionism,"constructionism"
Constructivism,"constructivism"
Conversation Theory,"conversation learning"
Conversation Theory,"conversation theory"
Discovery Learning,"discovery learning"
Dual Coding Theory,"Dual coding"
Dual Coding Theory,"Dual coding theory"
Dual Coding Theory,"Coding theory" AND "Paivio"
Elaboration Theory,"elaboration theory"
Emotional Intelligence,"Emotional intelligence"
Expectancy theory,"Expectancy theory"
Experiential Learning,"experiential learning"
Experiential Learning,"experiential" AND "Kolb"
Expertise Theory,"Expertise theory"
Flow (Csikszentmihalyi),"Flow" AND "Csikszentmihalyi"
Flow (Csikszentmihalyi),"Flow" AND "theory"
Functional Context Theory,"Functional context theory"
Gestalt Theory,"Gestalt Theory"
Information Processing Theory,"Information Processing Theory"
Instructivism,"Instructivism"
Instructivism,"Instructionism"
Instrumental conditioning,"Instrumental Conditioning"
Interest (Kintsch),"Interest" AND "Kintsch"
Interest (Kintsch),"Interest theory"
Interference Theory (Bergstr√∂m),"Interference Theory"
Invitational Education,"Invitational Education"
Latent Learning,"Latent Learning"
Learner-Centered Design,"Learner-centered design"
Learner-Centered Design,"Learner-centered" AND ("Soloway" OR "Guzdial" OR "Hay")
Learning Styles,"Learning styles"
Maslow's Hierarchy of Needs (Maslow),"Maslow" AND "Hierarchy"
Mastery Learning,"Mastery Learning"
Mastery Learning,"Mastery" AND "Bloom"
Mental models,"Mental models"
Metacognition,"Metacognition"
Mindsets,"Mindsets"
Modality Principle,"Modality Principle"
Model of Hierarchical Complexity,"Hierarchical Complexity"
Operant Conditioning,"Operant Conditioning"
Problem-Based Learning (PBL),"Problem-Based Learning"
Problem-Based Learning (PBL),"Problem Based Learning"
Psychological Behaviorism,"Psychological Behaviourism"
Psychological Behaviorism,"Behaviourism" AND "Staats"
Scaffolding (Vygotsky Bruner Miller),"Scaffolding" AND ("Vygotsky" OR "Bruner" OR "Miller")
Self-Determination Theory,"Self-Determination Theory"
Sensory Theory,"Sensory theory"
Situated Cognition,"Situated Cognition"
Situated Learning,"Situated Learning"
Social Development Theory,"social development theory"
Social Learning Theory,"social learning theory"
Split Attention Effect,"split attention effect"
Stage Theory of Cognitive Development,"Stage Theory of Cognitive Development"
Stage Theory of Cognitive Development,"piaget"
Stage Theory of Cognitive Development,"piagetian"
Stage Theory of Cognitive Development,"piaget's"
Approaches to Learning (deep vs. surface),"student approaches to learning"
Subsumption Theory (Reception Learning),"subsumption theory"
Subsumption Theory (Reception Learning),"reception learning" and "ausubel"
Transformative Learning,"Transformative Learning"
Zone of Proximal Development,"ZPD"
Zone of Proximal Development,"Zone of Proximal Development"
notional machine,"notional machine"
levels of abstraction,"levels of abstraction"
threshold concepts,"threshold concepts"
threshold skills,"threshold skills"
learning edge momentum,"learning edge momentum"
proximal flow,"proximal flow"
defensive climate,"defensive climate"
EQ,"error quotient"
engagement taxonomy (napps),"engagement theory" AND "napps"
spatial reasoning skills,"spatial skills" AND +"coding"
schema theory,"programming plans"
PECT (seiter),"PECT"
reducing abstraction (hazzan),"reducing abstraction" +"hazzan"
identity formation,"identity formation"
contextualized computing,"contextualized computing"
innovation diffusion,"innovation diffusion"
learning trajectories,"learning trajectories"
block model (schulte),"block model" +"schulte"
self-efficacy theory,"self-efficacy"
grit theory,"content.ftsec:(grit)"
theory of debugging,content.ftsec:("theory of debugging")
motivation theories,"motivation learning"
programming gene,"geek gene"
errors and misconceptions,"misconceptions"
attitudes,"attitudes"
programming plans,"programming plans"
debugging plans,"debugging plans"
model of programming errors,"model of programming errors"
